{"cameraMode":{"drawMode":0,"name":"Shaded","section":"Shading Mode"},"sceneLighting":true,"audioPlay":false,"sceneViewState":{"m_AlwaysRefresh":false,"showFog":true,"showSkybox":true,"showFlares":true,"showImageEffects":true,"showParticleSystems":true,"showVisualEffectGraphs":true,"m_FxEnabled":true},"in2DMode":false,"pivot":{"x":19.779943466186525,"y":-662.5060424804688,"z":1071.2462158203125},"rotation":{"x":-0.27569442987442019,"y":-0.007758793421089649,"z":0.002288286807015538,"w":-0.9612551927566528},"size":633.9227294921875,"orthographic":false}